index,beer/ABV,beer/beerId,beer/brewerId,beer/name,beer/style,review/appearance,review/aroma,review/overall,review/palate,review/taste,review/text,review/timeStruct,review/timeUnix,user/ageInSeconds,user/birthdayRaw,user/birthdayUnix,user/gender,user/profileName
1,3.6,8930,2001,Beer_1,Style_1,4.6,4.5,1.1,3.7,3.0,Sample review text 1,{},1270694890,1370639193,1994-01-17,634938105,Female,User_1
2,3.1,7517,2838,Beer_2,Style_2,2.5,4.3,1.6,3.1,4.3,Sample review text 2,{},1633758530,1010221032,1991-05-16,1087792070,Male,User_2
3,10.9,3422,610,Beer_3,Style_3,3.8,3.6,4.3,1.6,2.3,Sample review text 3,{},1095407031,1549421939,1998-01-13,677350097,Other,User_3
4,6.2,9865,1591,Beer_4,Style_4,3.4,2.8,3.6,3.1,2.6,Sample review text 4,{},1473103895,1295916169,1996-06-18,675891583,Female,User_4
5,12.0,6985,2218,Beer_5,Style_5,1.2,4.7,2.5,4.7,3.8,Sample review text 5,{},1657713136,1331020882,1991-02-15,891117825,,User_5
6,7.0,7947,2920,Beer_6,Style_6,1.3,4.3,3.0,1.1,4.7,Sample review text 6,{},1736299724,903422046,1992-04-12,760449267,,User_6
7,4.7,9784,695,Beer_7,Style_7,1.1,3.0,4.6,3.6,1.4,Sample review text 7,{},1522386655,1371867528,1990-06-15,1028741257,Other,User_7
8,10.0,8635,625,Beer_8,Style_8,2.5,3.8,3.5,1.3,4.4,Sample review text 8,{},1467521124,831734812,1991-02-16,1091972971,Other,User_8
9,11.3,4668,761,Beer_9,Style_9,4.0,3.3,2.6,1.0,4.2,Sample review text 9,{},1225672911,1342254756,1994-08-11,870411265,Male,User_9
10,10.3,7462,1423,Beer_10,Style_0,1.7,3.4,1.5,1.6,2.3,Sample review text 10,{},1722587426,1128456180,1997-07-17,1055943099,,User_10
11,9.7,4138,2321,Beer_11,Style_1,3.4,2.3,2.2,2.7,2.4,Sample review text 11,{},1707540273,1837134117,1992-08-15,818026668,Other,User_11
12,6.0,5509,2702,Beer_12,Style_2,2.2,2.8,4.9,4.2,1.2,Sample review text 12,{},1637038224,1490407895,1991-06-14,933323644,Other,User_12
13,3.6,3500,2104,Beer_13,Style_3,4.2,1.3,2.7,2.1,1.1,Sample review text 13,{},1289503705,725856638,1992-01-16,1083537159,,User_13
14,4.8,3793,607,Beer_14,Style_4,4.2,2.4,2.9,3.5,2.9,Sample review text 14,{},1579000245,1343443271,1991-01-10,768066873,Male,User_14
15,7.0,5293,2582,Beer_15,Style_5,4.1,3.8,3.0,2.6,1.4,Sample review text 15,{},1278992336,1289127905,1996-04-10,871856630,Male,User_15
16,11.6,6399,1154,Beer_16,Style_6,3.1,4.8,4.5,1.9,1.8,Sample review text 16,{},1267985509,1211130040,1998-06-13,1099703430,,User_16
17,9.5,1299,2513,Beer_17,Style_7,2.1,4.9,3.4,3.1,4.4,Sample review text 17,{},1365781680,1120881881,1993-07-14,988173142,,User_17
18,10.5,2906,1497,Beer_18,Style_8,4.2,3.2,3.8,4.2,3.3,Sample review text 18,{},1374416257,1856730651,1991-05-11,954557127,,User_18
19,5.5,3485,2963,Beer_19,Style_9,1.7,3.4,2.6,4.3,3.5,Sample review text 19,{},1099497287,1484054683,1993-02-14,785585556,,User_19
20,9.2,8459,784,Beer_20,Style_0,2.2,1.7,1.1,4.4,1.7,Sample review text 20,{},1065167469,1719935533,1995-06-18,939872736,,User_20
21,10.8,9398,1970,Beer_21,Style_1,1.7,3.8,4.7,2.4,4.3,Sample review text 21,{},1120646596,1840254965,1993-05-14,873252014,Other,User_21
22,7.3,7120,526,Beer_22,Style_2,3.7,1.3,4.8,4.2,4.5,Sample review text 22,{},1103033702,1319490261,1995-04-15,963233664,Female,User_22
23,6.9,9485,2774,Beer_23,Style_3,3.7,2.1,4.8,1.8,3.1,Sample review text 23,{},1077169800,1663690422,1991-04-16,992262411,,User_23
24,9.5,2873,2091,Beer_24,Style_4,3.6,3.7,4.8,4.0,4.7,Sample review text 24,{},1253996941,1813848357,1992-06-13,979335242,Female,User_24
25,8.0,7102,1891,Beer_25,Style_5,2.7,2.2,4.3,4.8,4.4,Sample review text 25,{},1350146074,1234524020,1998-07-14,1009289519,Male,User_25
26,11.9,7172,1347,Beer_26,Style_6,1.4,1.2,3.7,1.1,3.9,Sample review text 26,{},1691688072,1658688619,1998-02-15,924861439,Other,User_26
27,6.8,7322,1628,Beer_27,Style_7,4.6,4.3,4.4,2.8,3.9,Sample review text 27,{},1002908003,1630987921,1997-05-14,780846813,Female,User_27
28,4.6,3088,517,Beer_28,Style_8,3.0,2.2,3.4,3.6,1.4,Sample review text 28,{},1635045367,1420533707,1992-07-11,704301571,Male,User_28
29,7.2,8637,2590,Beer_29,Style_9,2.6,1.3,1.5,3.8,2.1,Sample review text 29,{},1104741748,1471863910,1992-07-11,681627553,Male,User_29
30,5.1,6311,2636,Beer_30,Style_0,3.4,1.3,2.6,1.7,1.3,Sample review text 30,{},1386292886,1558916356,1997-04-17,983801814,Male,User_30
31,8.1,7487,656,Beer_31,Style_1,1.8,2.0,4.9,4.9,1.0,Sample review text 31,{},1566601593,1452943592,1997-08-17,900847007,,User_31
32,4.1,7880,1789,Beer_32,Style_2,1.5,1.7,2.4,3.5,1.6,Sample review text 32,{},1375124213,1077750157,1997-08-18,655943036,Other,User_32
33,11.5,5721,2681,Beer_33,Style_3,2.6,4.1,4.5,1.7,4.5,Sample review text 33,{},1717010504,1699202987,1991-01-17,927784578,Male,User_33
34,10.7,4426,2124,Beer_34,Style_4,1.9,2.3,1.4,1.1,2.0,Sample review text 34,{},1565392157,1285495046,1990-06-14,1028648795,,User_34
35,4.4,1528,2271,Beer_35,Style_5,2.0,4.2,2.3,4.1,4.9,Sample review text 35,{},1539880722,1038104150,1991-02-14,1057307843,Female,User_35
36,4.6,2924,1655,Beer_36,Style_6,4.6,1.7,2.4,1.3,3.4,Sample review text 36,{},1432814949,1653829216,1997-01-18,881359032,Other,User_36
37,7.6,7460,1557,Beer_37,Style_7,3.1,3.0,1.2,1.6,1.9,Sample review text 37,{},1428858434,1630842618,1990-07-17,851231985,Female,User_37
38,10.0,6976,2630,Beer_38,Style_8,2.9,3.8,1.5,3.3,3.0,Sample review text 38,{},1235656241,1782874813,1992-05-15,726829387,Female,User_38
39,5.0,7021,1655,Beer_39,Style_9,3.8,3.6,1.8,3.4,1.9,Sample review text 39,{},1247786287,1607600399,1992-01-12,1014354199,,User_39
40,3.5,1862,703,Beer_40,Style_0,4.8,3.4,4.4,3.7,4.9,Sample review text 40,{},1499667458,1659355940,1991-01-17,652998048,Female,User_40
41,7.9,5320,2322,Beer_41,Style_1,1.4,4.7,1.3,2.6,4.4,Sample review text 41,{},1687462977,1085417714,1997-02-15,1075509506,Other,User_41
42,9.2,4494,1859,Beer_42,Style_2,4.3,1.9,2.2,4.1,1.1,Sample review text 42,{},1532762778,1280464904,1994-06-11,918847235,Female,User_42
43,5.2,7052,1461,Beer_43,Style_3,3.3,3.0,1.0,4.9,4.8,Sample review text 43,{},1603039702,1492290998,1994-04-18,969313437,,User_43
44,9.7,9259,941,Beer_44,Style_4,1.6,4.5,3.8,2.1,3.9,Sample review text 44,{},1044070761,1778095515,1990-06-16,643990725,Male,User_44
45,11.6,2642,1815,Beer_45,Style_5,2.2,1.3,3.5,3.8,1.3,Sample review text 45,{},1727545311,1352768139,1995-05-13,823675824,,User_45
46,4.2,6196,1648,Beer_46,Style_6,2.9,1.2,3.6,4.7,3.7,Sample review text 46,{},1038017506,1589420177,1994-01-14,706322589,Male,User_46
47,7.6,7999,2186,Beer_47,Style_7,3.8,1.9,2.5,3.7,3.6,Sample review text 47,{},1206049148,1876810458,1997-08-16,941836103,Female,User_47
48,3.5,8322,1370,Beer_48,Style_8,2.0,3.5,1.8,3.7,1.9,Sample review text 48,{},1720625407,1127493593,1993-02-14,1041185295,Male,User_48
49,4.9,4143,1698,Beer_49,Style_9,3.1,2.0,3.9,1.9,4.0,Sample review text 49,{},1683587857,1399748560,1996-06-12,950568197,,User_49
50,3.8,2470,2407,Beer_50,Style_0,3.7,1.8,4.2,3.1,1.3,Sample review text 50,{},1542488730,1090945055,1992-02-12,764130455,,User_50
51,6.6,6678,2015,Beer_51,Style_1,2.8,2.8,1.6,3.3,3.0,Sample review text 51,{},1344213130,1834694535,1990-05-18,955297010,Other,User_51
52,10.4,2382,579,Beer_52,Style_2,4.5,3.5,2.9,3.8,1.0,Sample review text 52,{},1522413222,1672026649,1991-04-12,778847195,Other,User_52
53,8.2,6396,1828,Beer_53,Style_3,4.5,2.0,2.0,5.0,4.9,Sample review text 53,{},1386042200,1795271319,1994-08-13,897357407,Male,User_53
54,5.0,8114,1867,Beer_54,Style_4,2.9,2.2,1.7,1.1,4.0,Sample review text 54,{},1425869190,1558065050,1994-08-15,970305112,Male,User_54
55,3.4,2705,1069,Beer_55,Style_5,4.9,3.5,3.9,1.3,1.6,Sample review text 55,{},1175880760,1528327374,1994-02-10,987239963,Other,User_55
56,8.0,6997,1614,Beer_56,Style_6,1.3,4.8,3.2,1.3,2.4,Sample review text 56,{},1336037761,940834779,1995-01-12,828011399,Female,User_56
57,4.2,7063,2716,Beer_57,Style_7,1.0,3.7,1.9,4.0,1.6,Sample review text 57,{},1435908901,1737262282,1991-06-12,986412451,Other,User_57
58,6.1,8962,2783,Beer_58,Style_8,2.5,4.1,2.2,1.5,4.1,Sample review text 58,{},1241838724,1403431846,1993-06-15,722302971,Female,User_58
59,7.6,9096,898,Beer_59,Style_9,3.4,2.5,4.9,3.5,1.2,Sample review text 59,{},1108787149,1490201010,1991-05-12,1007084936,Male,User_59
60,11.1,3594,1320,Beer_60,Style_0,3.5,2.1,4.4,2.3,4.4,Sample review text 60,{},1112202065,1029354056,1998-02-12,664764839,Male,User_60
61,3.7,2315,1344,Beer_61,Style_1,2.9,2.8,4.5,2.8,4.8,Sample review text 61,{},1503654851,1105040689,1998-04-10,984734548,,User_61
62,9.0,9139,1776,Beer_62,Style_2,1.5,4.2,2.8,1.9,3.7,Sample review text 62,{},1558659927,1741301292,1991-07-12,640882226,,User_62
63,3.1,9759,857,Beer_63,Style_3,1.7,2.8,3.5,4.5,1.9,Sample review text 63,{},1636256972,1848207615,1998-07-18,855200768,Female,User_63
64,8.7,3704,1922,Beer_64,Style_4,4.4,4.4,2.5,3.3,2.4,Sample review text 64,{},1689787644,861840672,1995-06-15,941766974,Female,User_64
65,8.0,6725,1020,Beer_65,Style_5,4.5,5.0,1.3,4.8,2.9,Sample review text 65,{},1688819896,1638352914,1992-05-13,717518708,Other,User_65
66,10.3,5691,892,Beer_66,Style_6,3.7,1.3,2.6,3.3,3.4,Sample review text 66,{},1708829920,1470044044,1998-01-10,829086147,Female,User_66
67,7.8,9839,2166,Beer_67,Style_7,3.7,1.2,3.4,1.5,3.7,Sample review text 67,{},1161450643,881106381,1997-07-18,740692297,Male,User_67
68,6.2,1124,1895,Beer_68,Style_8,3.4,1.6,2.1,1.7,3.2,Sample review text 68,{},1078233367,1231050207,1994-04-13,844690457,Male,User_68
69,5.2,6097,2700,Beer_69,Style_9,1.8,2.5,4.4,5.0,2.4,Sample review text 69,{},1610558178,1252897136,1991-01-14,664544039,Male,User_69
70,3.8,5807,1392,Beer_70,Style_0,2.7,1.5,1.6,3.9,4.6,Sample review text 70,{},1157011229,1386102293,1992-06-18,759586690,,User_70
71,7.8,2970,1483,Beer_71,Style_1,3.8,4.5,2.5,1.2,1.3,Sample review text 71,{},1197713588,1495419539,1998-04-14,792153835,Female,User_71
72,11.0,3762,1082,Beer_72,Style_2,3.1,1.1,1.5,3.8,2.9,Sample review text 72,{},1311017394,1010090080,1997-04-14,963994873,Female,User_72
73,7.6,6517,2455,Beer_73,Style_3,1.1,2.3,2.6,2.6,4.1,Sample review text 73,{},1154914924,1228735236,1996-07-16,981096584,,User_73
74,9.7,1814,519,Beer_74,Style_4,4.8,1.7,1.2,2.2,1.2,Sample review text 74,{},1274142121,834287741,1997-03-14,880387359,,User_74
75,5.7,4101,2473,Beer_75,Style_5,4.4,4.7,2.1,1.6,3.8,Sample review text 75,{},1626008029,1687215571,1990-03-18,975958850,,User_75
76,7.0,2654,2775,Beer_76,Style_6,2.0,3.7,2.6,4.4,4.3,Sample review text 76,{},1533706529,968932863,1998-07-16,1104401283,Male,User_76
77,5.9,1131,518,Beer_77,Style_7,3.5,4.6,2.9,1.3,3.6,Sample review text 77,{},1541638246,1332876365,1995-05-14,1096007813,Female,User_77
78,4.0,9422,2991,Beer_78,Style_8,4.7,4.9,3.2,2.2,1.1,Sample review text 78,{},1501507700,941754073,1994-07-12,986717896,Other,User_78
79,6.8,1394,2915,Beer_79,Style_9,1.4,3.0,2.1,2.2,1.7,Sample review text 79,{},1094127947,706739290,1990-06-17,985317529,Other,User_79
80,9.9,8319,2142,Beer_80,Style_0,3.0,1.9,3.1,1.6,2.4,Sample review text 80,{},1515922741,1043462809,1991-08-17,853613825,Female,User_80
81,6.6,4573,1388,Beer_81,Style_1,2.8,1.8,3.0,3.0,1.9,Sample review text 81,{},1247593353,1045833964,1997-02-12,1095139649,Female,User_81
82,8.9,8106,2383,Beer_82,Style_2,2.6,1.9,2.3,1.0,4.9,Sample review text 82,{},1125648338,704421590,1997-08-13,1088485105,,User_82
83,9.8,6625,1225,Beer_83,Style_3,4.3,3.8,4.3,2.2,3.6,Sample review text 83,{},1683877284,1583148523,1992-03-18,911298516,,User_83
84,5.9,5628,646,Beer_84,Style_4,2.5,1.2,3.2,4.7,2.2,Sample review text 84,{},1699537852,883654894,1997-02-11,768457634,Male,User_84
85,10.2,6060,2216,Beer_85,Style_5,1.3,1.2,2.3,2.2,4.7,Sample review text 85,{},1665417951,1428685416,1997-03-12,769892849,,User_85
86,6.1,8747,2027,Beer_86,Style_6,1.3,3.4,4.8,2.4,4.0,Sample review text 86,{},1292273614,614443690,1995-05-17,632188858,Female,User_86
87,5.3,7269,2977,Beer_87,Style_7,1.2,3.6,4.4,2.9,2.1,Sample review text 87,{},1153745428,1147240221,1998-03-16,993358245,Male,User_87
88,5.0,7632,1347,Beer_88,Style_8,2.6,3.7,4.9,3.2,2.5,Sample review text 88,{},1091188610,1506606589,1995-06-10,677798816,Other,User_88
89,4.8,7755,1963,Beer_89,Style_9,3.9,2.5,3.8,4.2,1.8,Sample review text 89,{},1247551623,1515613638,1994-06-17,914370296,Female,User_89
90,9.6,7589,2745,Beer_90,Style_0,1.8,4.2,2.5,1.8,4.9,Sample review text 90,{},1242873669,1232719100,1995-04-10,931625742,Other,User_90
91,11.0,6589,1810,Beer_91,Style_1,3.6,3.1,2.1,4.5,3.1,Sample review text 91,{},1017285586,1771032563,1994-05-14,1102064202,Female,User_91
92,5.1,3504,1064,Beer_92,Style_2,3.7,1.4,3.7,4.0,4.6,Sample review text 92,{},1230962400,1844540315,1992-08-18,683649609,Female,User_92
93,3.8,4033,868,Beer_93,Style_3,2.0,4.2,4.9,3.9,2.4,Sample review text 93,{},1125527514,1239225470,1995-06-11,905407245,Male,User_93
94,5.8,9903,1763,Beer_94,Style_4,3.4,4.8,3.5,1.3,4.4,Sample review text 94,{},1605960971,1084749940,1991-06-17,854858561,Male,User_94
95,8.9,3976,1810,Beer_95,Style_5,3.7,1.2,4.5,1.1,1.2,Sample review text 95,{},1389722569,1611652039,1991-01-18,720467116,,User_95
96,6.3,2471,2318,Beer_96,Style_6,2.9,2.6,2.3,3.4,4.9,Sample review text 96,{},1703154815,746114840,1993-04-13,862378159,Female,User_96
97,7.9,7595,2387,Beer_97,Style_7,2.3,3.0,2.6,4.5,4.6,Sample review text 97,{},1203986132,573835941,1994-08-11,783795499,Female,User_97
98,9.7,2142,559,Beer_98,Style_8,3.5,1.6,4.6,3.3,2.5,Sample review text 98,{},1496391104,1890333560,1994-06-11,852821493,Male,User_98
99,6.7,3568,1044,Beer_99,Style_9,4.9,4.5,4.0,1.9,4.1,Sample review text 99,{},1337864160,1620853337,1997-01-16,894170916,Other,User_99
100,12.0,2608,2850,Beer_100,Style_0,2.7,2.1,4.9,1.4,4.0,Sample review text 100,{},1729263999,655602305,1992-04-17,922563186,,User_100
101,5.7,6552,1767,Beer_101,Style_1,2.6,4.1,4.1,3.8,4.6,Sample review text 101,{},1164135091,675250692,1992-04-16,668446620,Female,User_101
102,11.8,2897,2207,Beer_102,Style_2,2.9,3.7,2.8,3.9,2.2,Sample review text 102,{},1607365657,1127016636,1990-08-18,690106978,Male,User_102
103,4.8,3192,1730,Beer_103,Style_3,1.3,3.4,3.1,1.7,2.9,Sample review text 103,{},1414246933,763911165,1995-03-16,881691508,Female,User_103
104,4.0,2091,2830,Beer_104,Style_4,3.2,1.8,4.6,1.1,4.5,Sample review text 104,{},1388207960,1774048203,1994-08-17,729384147,Male,User_104
105,9.8,1699,1545,Beer_105,Style_5,2.3,1.9,3.2,2.6,4.1,Sample review text 105,{},1409360960,772122725,1998-06-13,754606676,,User_105
106,9.3,5092,1058,Beer_106,Style_6,1.5,1.2,2.0,3.3,2.6,Sample review text 106,{},1544771092,1542351907,1991-03-14,996677921,Other,User_106
107,10.3,3178,2896,Beer_107,Style_7,2.9,2.0,2.7,3.8,4.4,Sample review text 107,{},1662631144,618659292,1997-04-11,943212602,Female,User_107
108,6.1,1732,2012,Beer_108,Style_8,1.0,2.4,3.1,4.2,1.2,Sample review text 108,{},1518460823,1481641058,1994-06-18,825634288,Female,User_108
109,11.4,9704,2467,Beer_109,Style_9,2.6,4.3,1.4,3.4,4.1,Sample review text 109,{},1005629414,1068040816,1991-07-17,815214324,,User_109
110,4.1,3687,1169,Beer_110,Style_0,1.4,2.5,4.0,1.4,1.8,Sample review text 110,{},1675786255,794594084,1992-08-13,1052354218,Other,User_110
111,3.3,4756,757,Beer_111,Style_1,1.1,4.0,1.4,3.7,2.1,Sample review text 111,{},1280489164,1660880276,1993-04-16,903664672,Female,User_111
112,5.7,7061,1570,Beer_112,Style_2,4.3,2.8,2.6,4.9,3.0,Sample review text 112,{},1187566751,732355931,1994-04-16,654483858,,User_112
113,10.2,9623,1550,Beer_113,Style_3,4.7,4.1,4.2,4.6,2.8,Sample review text 113,{},1341033111,683971411,1992-07-18,923586695,Female,User_113
114,9.1,7534,1550,Beer_114,Style_4,1.8,4.9,2.9,4.5,3.1,Sample review text 114,{},1599352010,1070065917,1994-04-12,788623390,Female,User_114
115,6.9,6385,2504,Beer_115,Style_5,3.2,2.0,4.4,2.2,3.2,Sample review text 115,{},1058256462,925630651,1991-07-16,896593290,,User_115
116,5.3,5494,644,Beer_116,Style_6,2.1,4.4,2.4,4.0,2.3,Sample review text 116,{},1598391689,1811668131,1994-04-11,871185799,,User_116
117,3.5,2279,1300,Beer_117,Style_7,3.0,3.5,4.8,4.4,1.7,Sample review text 117,{},1680780024,1825346508,1991-07-16,768248816,Male,User_117
118,6.0,7538,1985,Beer_118,Style_8,2.7,4.3,1.8,3.7,4.1,Sample review text 118,{},1497930626,1578898663,1993-06-13,1034699685,Male,User_118
119,7.1,3221,2929,Beer_119,Style_9,2.1,3.6,1.2,2.0,2.6,Sample review text 119,{},1642159030,1011393034,1993-03-11,743160326,Female,User_119
120,9.2,6164,1172,Beer_120,Style_0,3.8,2.7,4.5,4.8,3.0,Sample review text 120,{},1589950223,1404418043,1998-01-17,1091592012,,User_120
121,8.8,1854,826,Beer_121,Style_1,1.5,1.9,4.0,2.8,3.6,Sample review text 121,{},1687683883,749282770,1995-07-16,781835558,Other,User_121
122,11.5,4212,1914,Beer_122,Style_2,1.2,1.3,1.9,1.5,4.6,Sample review text 122,{},1537101008,1265218334,1994-06-15,1008962154,Other,User_122
123,3.9,3586,1129,Beer_123,Style_3,4.1,3.1,4.9,1.4,3.8,Sample review text 123,{},1175492253,1765171364,1998-08-13,714122878,Female,User_123
124,6.0,5840,2519,Beer_124,Style_4,3.7,5.0,3.0,3.6,1.2,Sample review text 124,{},1510067694,1459635771,1994-04-10,1068296137,Male,User_124
125,7.3,3768,2631,Beer_125,Style_5,3.0,4.0,4.8,2.8,4.4,Sample review text 125,{},1280351352,1421211330,1995-05-13,681352937,,User_125
126,9.0,8228,2693,Beer_126,Style_6,2.9,2.3,3.0,1.4,5.0,Sample review text 126,{},1477834466,643598719,1995-04-14,1028338421,,User_126
127,7.5,4340,2528,Beer_127,Style_7,3.0,4.3,2.9,4.0,2.9,Sample review text 127,{},1351431076,1277726574,1992-02-15,1015576938,Male,User_127
128,11.2,6259,1694,Beer_128,Style_8,2.7,4.1,2.8,4.2,4.9,Sample review text 128,{},1087759803,962797802,1993-03-12,702472339,,User_128
129,8.5,7740,2524,Beer_129,Style_9,2.6,2.1,2.3,3.9,3.2,Sample review text 129,{},1541023180,1575470095,1997-04-18,922115664,Female,User_129
130,3.4,1275,1857,Beer_130,Style_0,3.0,1.1,3.1,1.8,2.8,Sample review text 130,{},1082030615,1722185260,1996-02-17,663961226,,User_130
131,4.0,8198,2971,Beer_131,Style_1,3.1,1.5,2.8,3.8,2.3,Sample review text 131,{},1368692965,1685243681,1994-07-16,643502095,,User_131
132,9.8,4863,2049,Beer_132,Style_2,3.8,4.5,1.1,1.0,3.6,Sample review text 132,{},1053477913,955783123,1994-08-11,967553380,Male,User_132
133,9.4,1714,1068,Beer_133,Style_3,3.8,4.3,2.0,2.2,1.9,Sample review text 133,{},1678018617,1756812404,1993-05-14,1028120489,Male,User_133
134,4.4,7054,2894,Beer_134,Style_4,2.5,2.2,1.9,2.6,1.4,Sample review text 134,{},1242297608,839240550,1995-05-10,1044879455,Other,User_134
135,3.5,1809,2445,Beer_135,Style_5,2.7,2.1,4.5,4.3,1.1,Sample review text 135,{},1277121661,1745972960,1990-07-12,1013071065,Female,User_135
136,8.2,4726,846,Beer_136,Style_6,2.5,4.2,3.4,2.6,2.2,Sample review text 136,{},1605886226,1293907405,1998-03-11,738317177,Male,User_136
137,8.7,4978,907,Beer_137,Style_7,3.1,4.8,4.1,1.0,2.6,Sample review text 137,{},1122772358,1337810210,1994-01-16,1071629235,Male,User_137
138,4.2,1036,632,Beer_138,Style_8,2.8,4.1,4.8,2.4,3.2,Sample review text 138,{},1335179733,1042716746,1997-02-14,780513060,Male,User_138
139,7.3,9114,1113,Beer_139,Style_9,4.6,3.4,3.6,3.0,2.2,Sample review text 139,{},1097950813,1560497653,1998-01-10,899167923,,User_139
140,5.8,9646,605,Beer_140,Style_0,3.8,2.0,4.9,4.8,4.9,Sample review text 140,{},1227212559,1019508307,1997-02-18,736335368,Female,User_140
141,11.4,4308,2718,Beer_141,Style_1,4.6,3.1,2.2,4.8,2.2,Sample review text 141,{},1277078499,1356934196,1998-04-11,653529890,Female,User_141
142,5.0,3655,761,Beer_142,Style_2,3.8,1.9,1.7,1.7,2.8,Sample review text 142,{},1125871108,1768439963,1992-02-10,981259842,,User_142
143,9.6,1981,993,Beer_143,Style_3,4.9,4.2,2.6,1.7,1.4,Sample review text 143,{},1591845532,788695717,1992-05-12,969195998,,User_143
144,7.7,7447,1974,Beer_144,Style_4,3.5,2.5,2.9,1.7,2.0,Sample review text 144,{},1312082483,1347790220,1992-02-15,744432489,Male,User_144
145,3.1,1151,789,Beer_145,Style_5,4.9,4.3,4.6,4.2,1.2,Sample review text 145,{},1557730565,1511472494,1992-03-18,847480070,Other,User_145
146,7.7,9791,2368,Beer_146,Style_6,1.6,2.5,3.2,1.0,3.2,Sample review text 146,{},1251766576,599655790,1991-01-17,722729601,Other,User_146
147,3.9,6648,1837,Beer_147,Style_7,1.2,4.3,2.2,1.5,4.0,Sample review text 147,{},1229581224,1676503447,1992-07-11,669077912,Female,User_147
148,8.9,2511,2632,Beer_148,Style_8,3.3,2.3,4.0,3.2,1.8,Sample review text 148,{},1333193508,737709687,1997-08-18,760148583,Other,User_148
149,8.1,3258,1938,Beer_149,Style_9,4.9,2.8,3.0,2.0,2.5,Sample review text 149,{},1012518092,1365365568,1997-08-17,798493045,Male,User_149
150,3.1,1231,1852,Beer_150,Style_0,2.7,3.5,1.6,1.4,1.1,Sample review text 150,{},1006577267,1039516631,1996-02-17,913881309,,User_150
151,4.8,3742,544,Beer_151,Style_1,1.8,1.3,3.3,2.4,4.4,Sample review text 151,{},1168366559,1537539769,1994-06-13,1046183516,Female,User_151
152,10.0,8841,1314,Beer_152,Style_2,3.1,4.8,4.6,2.1,4.1,Sample review text 152,{},1234618143,1526988569,1990-05-14,716924584,Female,User_152
153,5.5,5462,2880,Beer_153,Style_3,3.6,3.3,4.4,3.0,1.3,Sample review text 153,{},1503840411,1039350172,1992-01-13,660804170,,User_153
154,7.5,8749,964,Beer_154,Style_4,2.3,3.0,3.3,4.9,2.5,Sample review text 154,{},1563696092,1514213703,1991-04-12,1099823474,Other,User_154
155,5.8,1571,699,Beer_155,Style_5,3.9,4.4,2.5,1.5,4.8,Sample review text 155,{},1433138094,910533419,1992-05-10,782525747,Female,User_155
156,11.3,2202,828,Beer_156,Style_6,4.9,4.5,1.3,2.5,2.6,Sample review text 156,{},1292175125,1761637863,1994-08-18,647507670,,User_156
157,7.8,7609,2787,Beer_157,Style_7,4.6,3.1,2.9,4.7,3.1,Sample review text 157,{},1081215450,1768883204,1990-06-11,717246416,,User_157
158,9.3,1170,2407,Beer_158,Style_8,2.2,4.7,4.0,4.5,2.4,Sample review text 158,{},1059337020,896169086,1991-06-10,1021637196,Other,User_158
159,3.8,6151,1297,Beer_159,Style_9,2.3,1.3,2.4,2.6,3.4,Sample review text 159,{},1486638205,917278832,1990-02-13,1079725408,Other,User_159
160,3.4,7406,1201,Beer_160,Style_0,2.5,1.5,1.9,3.8,4.9,Sample review text 160,{},1635739947,1883794286,1991-04-12,712656192,Male,User_160
161,5.3,1188,2521,Beer_161,Style_1,2.6,3.4,4.7,1.4,5.0,Sample review text 161,{},1493152613,638113081,1992-07-18,1068029388,Other,User_161
162,5.8,5678,2424,Beer_162,Style_2,1.4,2.4,4.3,3.9,4.1,Sample review text 162,{},1700196115,947000961,1997-04-18,973435813,Other,User_162
163,9.2,8145,2907,Beer_163,Style_3,4.0,2.9,3.6,4.9,2.6,Sample review text 163,{},1109891436,921390679,1990-04-14,636162114,,User_163
164,8.1,6927,1901,Beer_164,Style_4,2.5,2.3,1.5,3.1,3.0,Sample review text 164,{},1504246615,1446157603,1993-03-18,861689167,Female,User_164
165,6.4,1599,2932,Beer_165,Style_5,4.5,2.6,1.6,3.0,2.4,Sample review text 165,{},1036132270,1674931992,1992-05-17,898134441,,User_165
166,8.9,6301,2912,Beer_166,Style_6,4.7,4.3,1.4,1.7,4.9,Sample review text 166,{},1716859950,583483681,1994-01-11,1002441542,Male,User_166
167,4.5,4576,2619,Beer_167,Style_7,1.1,3.4,3.5,3.5,3.8,Sample review text 167,{},1685777607,799585163,1995-05-18,1027498549,,User_167
168,3.6,6193,1937,Beer_168,Style_8,5.0,5.0,1.5,3.4,2.8,Sample review text 168,{},1475884082,1474363410,1996-08-17,632017012,Male,User_168
169,10.7,2870,626,Beer_169,Style_9,3.8,4.1,4.4,3.6,1.0,Sample review text 169,{},1192209334,1717718129,1996-05-14,953320002,Other,User_169
170,8.1,5261,2010,Beer_170,Style_0,3.1,2.1,5.0,1.1,3.1,Sample review text 170,{},1620530957,1746016873,1994-05-13,699996109,Female,User_170
171,8.8,3024,2120,Beer_171,Style_1,2.6,2.1,2.5,3.2,4.9,Sample review text 171,{},1046218948,1368639453,1991-06-18,996533439,Female,User_171
172,5.8,6494,981,Beer_172,Style_2,3.1,2.3,2.8,3.4,3.1,Sample review text 172,{},1636032430,569838372,1992-03-12,750150991,,User_172
173,6.3,9832,1835,Beer_173,Style_3,2.3,4.4,3.8,1.8,1.7,Sample review text 173,{},1713747476,855517802,1992-08-15,696821507,Female,User_173
174,3.7,6453,782,Beer_174,Style_4,3.5,1.1,4.7,1.8,1.1,Sample review text 174,{},1582996110,589239168,1990-04-12,750799134,Male,User_174
175,10.7,2827,2621,Beer_175,Style_5,1.4,1.9,4.6,2.1,2.4,Sample review text 175,{},1721045239,1577972802,1993-05-11,959838204,Male,User_175
176,8.3,5702,2894,Beer_176,Style_6,3.5,4.6,1.2,3.8,4.7,Sample review text 176,{},1601908067,1224371885,1995-02-10,648189452,Other,User_176
177,3.8,1539,2544,Beer_177,Style_7,2.1,3.6,1.7,3.4,5.0,Sample review text 177,{},1695649744,1852929015,1990-08-13,713173402,,User_177
178,10.2,8202,2871,Beer_178,Style_8,1.1,1.9,4.0,4.4,4.8,Sample review text 178,{},1200268792,1282572142,1990-07-18,644917946,Other,User_178
179,7.0,5438,738,Beer_179,Style_9,3.2,1.9,3.8,2.2,3.9,Sample review text 179,{},1185713107,1123138095,1996-01-10,682734272,Female,User_179
180,9.9,4501,1920,Beer_180,Style_0,3.3,4.5,1.5,4.6,3.2,Sample review text 180,{},1094502400,1710376411,1990-07-17,843009855,Other,User_180
181,3.1,4537,2884,Beer_181,Style_1,2.7,4.6,3.0,4.0,3.4,Sample review text 181,{},1197292908,1392775619,1996-06-12,698893464,Female,User_181
182,3.3,7716,840,Beer_182,Style_2,1.3,2.0,4.1,2.6,3.2,Sample review text 182,{},1289615697,688522488,1992-04-12,860382321,Male,User_182
183,4.5,7818,1391,Beer_183,Style_3,4.6,2.7,1.9,1.4,3.8,Sample review text 183,{},1174048649,1600364839,1991-06-13,1075296875,,User_183
184,4.9,7200,1986,Beer_184,Style_4,3.4,4.3,4.5,2.0,2.7,Sample review text 184,{},1114094998,971939717,1996-01-12,690354250,,User_184
185,9.9,5286,961,Beer_185,Style_5,1.5,4.1,1.2,4.8,3.7,Sample review text 185,{},1073750289,975681743,1996-04-13,794904392,Other,User_185
186,9.4,5739,1816,Beer_186,Style_6,3.0,4.3,4.1,2.2,1.5,Sample review text 186,{},1230523961,865224413,1990-05-17,888135878,Female,User_186
187,8.5,3089,1297,Beer_187,Style_7,3.0,3.1,3.5,2.3,2.1,Sample review text 187,{},1368374600,810519486,1992-02-13,1050440669,Male,User_187
188,11.0,6605,1232,Beer_188,Style_8,1.2,4.6,2.3,1.8,4.3,Sample review text 188,{},1151473005,587469730,1992-07-17,1042247804,Female,User_188
189,5.2,8340,661,Beer_189,Style_9,3.4,2.3,3.9,4.2,4.6,Sample review text 189,{},1690262004,962869447,1997-06-13,831039938,Other,User_189
190,11.1,7822,2995,Beer_190,Style_0,4.2,1.6,4.1,2.1,3.2,Sample review text 190,{},1365211613,1176294204,1991-04-12,1094053757,Female,User_190
191,11.2,4321,1978,Beer_191,Style_1,4.0,3.8,4.7,2.3,1.1,Sample review text 191,{},1355473459,1356673796,1992-04-11,891456486,Male,User_191
192,6.9,3549,2812,Beer_192,Style_2,1.8,3.2,2.5,2.7,4.7,Sample review text 192,{},1305553118,1550878923,1991-03-10,933668928,Other,User_192
193,3.8,2216,1509,Beer_193,Style_3,4.4,4.4,3.7,2.7,3.8,Sample review text 193,{},1590250797,1384807384,1997-06-12,885018585,Male,User_193
194,9.5,5885,631,Beer_194,Style_4,2.4,1.3,3.4,2.6,2.7,Sample review text 194,{},1479276906,1741608416,1990-03-10,880713925,Other,User_194
195,6.0,7893,2357,Beer_195,Style_5,4.8,4.4,3.1,3.0,3.4,Sample review text 195,{},1497543436,829785830,1992-04-15,756550842,,User_195
196,10.2,9933,2667,Beer_196,Style_6,1.3,2.2,4.6,4.3,2.7,Sample review text 196,{},1122972255,732108247,1996-07-18,855150953,Female,User_196
197,4.5,7308,2415,Beer_197,Style_7,2.9,3.6,1.0,4.3,2.9,Sample review text 197,{},1464355600,1328867689,1997-05-13,807783563,Male,User_197
198,7.9,6082,1742,Beer_198,Style_8,3.4,1.2,2.1,4.2,4.5,Sample review text 198,{},1186138432,1214040487,1995-03-10,638475061,Male,User_198
199,7.6,8225,1171,Beer_199,Style_9,2.0,3.4,3.2,1.4,1.6,Sample review text 199,{},1293160628,1844666707,1997-06-11,972182962,Female,User_199
200,3.9,8430,1004,Beer_200,Style_0,4.1,3.9,1.7,4.2,1.4,Sample review text 200,{},1491853956,830680842,1997-04-18,679967781,Male,User_200
201,6.3,9839,2656,Beer_201,Style_1,3.5,2.5,4.6,1.5,1.0,Sample review text 201,{},1343874220,1624058973,1993-01-16,1028204589,Male,User_201
202,3.8,3797,1761,Beer_202,Style_2,1.1,1.9,3.6,1.5,2.3,Sample review text 202,{},1461044535,1143529135,1994-02-14,732059273,Male,User_202
203,7.2,1818,792,Beer_203,Style_3,3.4,3.2,2.9,4.8,1.6,Sample review text 203,{},1395374596,635250662,1993-06-10,861417942,,User_203
204,10.6,9434,2510,Beer_204,Style_4,3.0,4.3,4.3,4.3,1.9,Sample review text 204,{},1206209380,1076777468,1992-03-16,1016178653,Male,User_204
205,5.4,7806,1327,Beer_205,Style_5,1.8,2.3,2.8,3.2,1.0,Sample review text 205,{},1082064726,1580670651,1997-04-18,1049490812,,User_205
206,9.9,8001,686,Beer_206,Style_6,5.0,2.0,3.2,4.5,1.9,Sample review text 206,{},1149946571,1394614466,1990-04-11,1020819891,Female,User_206
207,4.7,8926,1559,Beer_207,Style_7,4.6,2.1,1.0,5.0,2.3,Sample review text 207,{},1214584993,791004678,1991-01-14,688884274,,User_207
208,9.1,5104,2803,Beer_208,Style_8,2.2,4.8,2.5,3.4,1.1,Sample review text 208,{},1578405948,1823854826,1991-04-18,837806741,Male,User_208
209,11.2,9046,1958,Beer_209,Style_9,3.2,2.4,1.6,3.5,3.4,Sample review text 209,{},1166009302,1474575308,1992-07-17,665594478,Male,User_209
210,5.9,1012,2142,Beer_210,Style_0,2.3,1.0,3.8,4.0,3.3,Sample review text 210,{},1460044751,661333604,1995-02-14,1052717000,Male,User_210
211,11.1,6894,1531,Beer_211,Style_1,4.1,4.1,2.9,1.9,1.4,Sample review text 211,{},1054407869,682030232,1991-03-12,1063380690,,User_211
212,7.5,8050,1701,Beer_212,Style_2,4.7,3.8,2.2,1.7,3.4,Sample review text 212,{},1147190596,612395158,1997-07-18,999895495,Other,User_212
213,5.9,4017,2588,Beer_213,Style_3,2.4,1.5,2.9,4.0,5.0,Sample review text 213,{},1425902142,1509774130,1996-01-15,806706933,Other,User_213
214,11.1,8392,2660,Beer_214,Style_4,4.2,4.9,1.8,2.4,4.8,Sample review text 214,{},1375320814,653569504,1996-04-15,883699651,Female,User_214
215,3.3,1689,1353,Beer_215,Style_5,3.0,3.4,4.7,1.5,1.0,Sample review text 215,{},1692506821,1502004228,1991-05-18,702009220,Female,User_215
216,3.3,6878,2625,Beer_216,Style_6,2.6,3.0,1.2,2.3,4.2,Sample review text 216,{},1421204748,995583453,1992-06-15,952360146,Female,User_216
217,8.4,4138,1218,Beer_217,Style_7,4.8,2.5,4.5,2.4,2.4,Sample review text 217,{},1065380010,1519443934,1997-05-13,937239149,Male,User_217
218,10.2,8976,2346,Beer_218,Style_8,3.0,4.6,3.0,4.9,1.3,Sample review text 218,{},1163778589,603197452,1995-01-18,1097972561,Other,User_218
219,9.8,9868,1377,Beer_219,Style_9,2.9,2.0,3.5,3.8,2.2,Sample review text 219,{},1288232656,1271593513,1998-07-10,941669880,Other,User_219
220,3.7,7327,901,Beer_220,Style_0,3.7,2.1,2.2,3.1,2.3,Sample review text 220,{},1215348286,823945277,1992-04-14,860173084,Female,User_220
221,11.6,5303,563,Beer_221,Style_1,2.0,1.5,4.9,4.9,3.1,Sample review text 221,{},1647668792,639634394,1993-05-16,838038610,Other,User_221
222,9.3,2002,1948,Beer_222,Style_2,2.3,4.0,2.1,4.6,3.6,Sample review text 222,{},1002418495,1663531829,1998-01-14,689433733,Female,User_222
223,11.5,8408,872,Beer_223,Style_3,4.7,3.4,3.4,3.0,4.0,Sample review text 223,{},1271376079,1565579650,1992-03-11,767207620,Male,User_223
224,6.0,9142,805,Beer_224,Style_4,3.7,3.4,5.0,4.6,2.0,Sample review text 224,{},1552414640,1560020050,1995-06-15,811003306,Other,User_224
225,9.2,2765,2756,Beer_225,Style_5,4.3,1.9,4.5,2.6,2.3,Sample review text 225,{},1697878078,908249535,1992-01-16,1047442295,Male,User_225
226,10.7,6778,1431,Beer_226,Style_6,2.1,3.6,3.1,1.9,2.2,Sample review text 226,{},1534789879,1465994881,1991-08-12,647154244,Male,User_226
227,6.4,3291,2490,Beer_227,Style_7,3.2,4.1,5.0,1.9,2.5,Sample review text 227,{},1333733329,1223325744,1990-02-18,779011450,Other,User_227
228,11.7,8730,1915,Beer_228,Style_8,4.9,2.4,3.8,3.6,5.0,Sample review text 228,{},1194399338,1067615220,1994-01-15,726525383,,User_228
229,5.4,5866,861,Beer_229,Style_9,2.3,4.2,1.8,3.0,4.1,Sample review text 229,{},1573464428,1422537289,1992-03-13,672241114,Female,User_229
230,5.8,9429,1787,Beer_230,Style_0,1.6,2.4,2.6,3.6,4.9,Sample review text 230,{},1495184471,1527374799,1997-07-14,941751204,Other,User_230
231,11.3,7453,1215,Beer_231,Style_1,3.0,4.0,2.3,3.7,3.8,Sample review text 231,{},1488200811,1628882387,1995-02-13,868081514,Male,User_231
232,11.7,2584,2145,Beer_232,Style_2,2.6,1.1,2.4,1.1,2.6,Sample review text 232,{},1179943500,630409470,1995-03-10,1094407353,Female,User_232
233,5.6,2307,1042,Beer_233,Style_3,1.6,3.2,4.0,1.2,2.6,Sample review text 233,{},1309643992,1167528962,1995-06-10,711004268,Male,User_233
234,4.2,3085,2047,Beer_234,Style_4,4.6,4.9,3.3,3.1,3.0,Sample review text 234,{},1283935912,1606524027,1992-04-17,801939198,Female,User_234
235,9.8,1031,2162,Beer_235,Style_5,5.0,4.9,1.2,1.8,2.7,Sample review text 235,{},1204489517,894277538,1996-08-11,863814169,Other,User_235
236,11.4,8720,2741,Beer_236,Style_6,3.3,2.1,4.5,3.5,4.3,Sample review text 236,{},1012682368,1353359841,1996-06-13,1059530281,Male,User_236
237,8.4,1291,1151,Beer_237,Style_7,4.1,2.8,2.2,3.2,2.9,Sample review text 237,{},1064481987,879161428,1990-03-12,737362575,Female,User_237
238,8.7,4686,1550,Beer_238,Style_8,4.4,1.3,5.0,3.3,2.2,Sample review text 238,{},1680480343,1494173343,1994-06-17,1020100885,Female,User_238
239,9.9,2642,1569,Beer_239,Style_9,3.8,4.5,4.8,2.2,4.1,Sample review text 239,{},1233310972,1712358901,1991-02-17,769391085,Other,User_239
240,4.4,8766,1146,Beer_240,Style_0,1.2,3.3,4.8,3.6,4.4,Sample review text 240,{},1256997101,1657823505,1998-02-10,1044352534,Female,User_240
241,11.8,9769,2352,Beer_241,Style_1,1.6,2.5,4.2,4.3,2.7,Sample review text 241,{},1712251810,1216925473,1991-07-13,916803374,Female,User_241
242,6.3,4909,1581,Beer_242,Style_2,1.3,1.5,1.9,5.0,3.7,Sample review text 242,{},1594016098,1304277058,1992-01-13,1092646722,Male,User_242
243,8.7,2223,1448,Beer_243,Style_3,1.0,4.8,3.1,4.4,1.2,Sample review text 243,{},1266073248,1727677364,1991-02-14,846100482,Other,User_243
244,7.2,9638,1460,Beer_244,Style_4,2.2,3.1,1.9,3.2,3.1,Sample review text 244,{},1454840309,590422106,1990-06-17,635008406,Other,User_244
245,7.2,5373,2596,Beer_245,Style_5,2.6,2.1,2.0,1.8,1.2,Sample review text 245,{},1315801983,1587159999,1991-03-12,732391150,Male,User_245
246,9.3,3579,1302,Beer_246,Style_6,2.0,2.4,3.4,3.7,1.1,Sample review text 246,{},1290910068,1773622594,1992-04-16,837197834,,User_246
247,12.0,2422,2180,Beer_247,Style_7,1.3,2.1,1.2,4.8,3.5,Sample review text 247,{},1387304226,1587366352,1998-03-10,935411049,Male,User_247
248,8.9,8558,2107,Beer_248,Style_8,3.1,3.4,4.9,1.8,2.2,Sample review text 248,{},1271677949,1781366381,1990-04-15,1024389299,Male,User_248
249,10.1,7745,1902,Beer_249,Style_9,2.1,4.7,4.7,2.0,4.0,Sample review text 249,{},1319254957,842275829,1994-02-16,1029637742,,User_249
250,3.2,3609,2557,Beer_250,Style_0,4.2,4.4,2.5,1.6,4.6,Sample review text 250,{},1016997291,765140980,1996-03-16,1082529585,Female,User_250
251,10.3,4081,1225,Beer_251,Style_1,1.0,2.8,3.1,3.9,1.6,Sample review text 251,{},1450446361,910841383,1998-08-12,739433784,Other,User_251
252,5.7,7734,2771,Beer_252,Style_2,4.4,4.3,2.9,2.6,3.9,Sample review text 252,{},1505693993,1709021650,1994-05-17,1035126847,Other,User_252
253,4.1,9250,1904,Beer_253,Style_3,4.8,2.7,4.5,1.3,3.1,Sample review text 253,{},1589396556,1731043204,1991-06-16,1020059949,,User_253
254,4.0,9650,702,Beer_254,Style_4,3.9,2.0,3.8,4.5,1.4,Sample review text 254,{},1607265565,1767365572,1996-03-17,1033224092,Other,User_254
255,9.1,1103,1441,Beer_255,Style_5,3.9,4.9,2.1,3.2,3.6,Sample review text 255,{},1492474739,1285200525,1990-08-10,864585720,,User_255
256,12.0,5926,1088,Beer_256,Style_6,4.7,2.2,2.8,2.3,3.4,Sample review text 256,{},1058280863,1318249562,1992-08-18,791582277,Female,User_256
257,9.0,9980,1070,Beer_257,Style_7,1.8,2.3,2.7,2.4,3.1,Sample review text 257,{},1397087779,1763975999,1993-02-18,1036891181,,User_257
258,5.4,1741,695,Beer_258,Style_8,5.0,5.0,4.8,2.2,4.7,Sample review text 258,{},1021159442,884852079,1990-08-12,962554895,Other,User_258
259,4.8,7444,1845,Beer_259,Style_9,4.1,1.5,1.7,2.8,3.1,Sample review text 259,{},1708304704,1234785127,1996-02-16,1070458721,Other,User_259
260,7.7,5723,917,Beer_260,Style_0,3.9,4.0,1.4,2.3,5.0,Sample review text 260,{},1547075896,1872293538,1996-01-11,1061790258,,User_260
261,3.6,8659,2142,Beer_261,Style_1,2.4,4.7,4.5,3.2,3.0,Sample review text 261,{},1495263513,1662009206,1997-08-14,685273316,Other,User_261
262,6.6,6203,1865,Beer_262,Style_2,3.2,3.0,4.6,4.1,1.5,Sample review text 262,{},1683940882,1657875031,1998-08-12,789157770,,User_262
263,9.0,3976,508,Beer_263,Style_3,3.6,1.0,4.5,3.7,2.9,Sample review text 263,{},1323362130,1391007911,1992-03-17,838197258,Other,User_263
264,11.7,8426,1031,Beer_264,Style_4,3.5,2.5,3.0,2.2,1.7,Sample review text 264,{},1004180107,1414029418,1998-02-12,738502974,Male,User_264
265,6.8,7503,648,Beer_265,Style_5,3.8,1.4,3.6,3.1,3.4,Sample review text 265,{},1628277047,1254278637,1997-02-17,1008047228,Female,User_265
266,4.8,9619,2930,Beer_266,Style_6,1.3,2.7,3.3,4.4,3.8,Sample review text 266,{},1416282884,1359387697,1994-06-13,858089688,Other,User_266
267,10.4,7486,2052,Beer_267,Style_7,2.4,4.2,1.3,1.3,2.9,Sample review text 267,{},1134410135,743447781,1992-08-18,813874873,Other,User_267
268,9.7,7490,1535,Beer_268,Style_8,2.7,2.8,3.4,1.3,1.4,Sample review text 268,{},1446786509,1695817452,1997-01-10,689106322,Other,User_268
269,10.7,2944,975,Beer_269,Style_9,2.0,2.7,1.1,3.2,2.9,Sample review text 269,{},1184621682,1745085866,1994-04-16,648561183,,User_269
270,4.9,7239,2117,Beer_270,Style_0,1.7,3.2,2.3,3.6,1.3,Sample review text 270,{},1340534949,1802058662,1997-06-11,966152369,Other,User_270
271,6.6,8422,2479,Beer_271,Style_1,1.6,3.3,4.7,1.8,3.7,Sample review text 271,{},1511794942,1064111241,1993-07-14,1086905849,,User_271
272,11.8,6973,1576,Beer_272,Style_2,2.5,4.4,2.2,4.0,4.2,Sample review text 272,{},1393932747,817353534,1990-05-11,739939783,Other,User_272
273,4.4,6521,705,Beer_273,Style_3,3.0,2.2,4.8,3.6,4.8,Sample review text 273,{},1564305715,1632079887,1994-06-10,997298614,Male,User_273
274,9.0,1411,1244,Beer_274,Style_4,1.3,4.3,2.0,4.7,1.6,Sample review text 274,{},1536714237,1834386941,1992-06-15,1078769483,Male,User_274
275,5.1,7090,1412,Beer_275,Style_5,4.8,3.3,2.3,1.7,3.1,Sample review text 275,{},1417215690,895326294,1996-02-12,1085647842,Female,User_275
276,7.5,1246,553,Beer_276,Style_6,4.1,2.2,3.5,4.0,3.3,Sample review text 276,{},1392386470,759474265,1990-05-16,808359877,,User_276
277,10.2,7842,2103,Beer_277,Style_7,3.9,2.2,4.0,1.3,4.7,Sample review text 277,{},1228976570,1174037213,1992-05-13,1061474836,Female,User_277
278,7.4,7564,2326,Beer_278,Style_8,1.7,2.4,3.0,3.3,3.5,Sample review text 278,{},1151622041,892918079,1990-04-16,1029599220,Other,User_278
279,10.2,3171,843,Beer_279,Style_9,3.4,3.5,4.5,3.2,1.6,Sample review text 279,{},1619146048,1492109471,1993-08-10,1077112217,Other,User_279
280,6.8,8278,1692,Beer_280,Style_0,3.1,1.9,1.2,2.6,2.7,Sample review text 280,{},1636426352,1309819528,1995-04-13,679727735,Male,User_280
281,12.0,8457,2432,Beer_281,Style_1,4.9,4.7,4.7,4.4,3.6,Sample review text 281,{},1628877934,1579923466,1991-08-10,763825408,Female,User_281
282,6.9,6718,1684,Beer_282,Style_2,4.0,3.3,1.8,1.0,3.8,Sample review text 282,{},1050986120,911273629,1992-02-14,984004688,Other,User_282
283,4.3,3060,1202,Beer_283,Style_3,3.3,4.7,4.5,3.1,4.5,Sample review text 283,{},1549990020,1722372583,1998-06-16,1083439714,Other,User_283
284,6.6,4334,1810,Beer_284,Style_4,4.4,1.2,2.6,1.9,1.7,Sample review text 284,{},1527168327,966271630,1993-08-13,967038234,,User_284
285,9.7,8190,2398,Beer_285,Style_5,1.6,2.4,4.3,4.0,4.8,Sample review text 285,{},1060354836,941787439,1995-04-10,1052593137,Other,User_285
286,10.6,1944,2959,Beer_286,Style_6,1.1,1.1,3.7,1.2,1.2,Sample review text 286,{},1525367008,813528669,1995-08-14,850043969,Female,User_286
287,7.1,6361,698,Beer_287,Style_7,3.8,2.1,1.7,4.3,4.9,Sample review text 287,{},1024217706,694486481,1991-01-15,889670499,Male,User_287
288,8.4,6284,888,Beer_288,Style_8,1.4,4.4,4.7,4.4,4.4,Sample review text 288,{},1711341971,1070108662,1991-01-18,1077802176,Male,User_288
289,10.6,7881,973,Beer_289,Style_9,1.5,1.1,2.0,4.3,3.6,Sample review text 289,{},1254111637,1409541691,1990-07-14,1004368265,Other,User_289
290,10.3,9367,1904,Beer_290,Style_0,4.0,2.7,2.0,1.6,3.9,Sample review text 290,{},1654802764,1505909059,1997-04-12,909533662,Other,User_290
291,8.9,8940,1264,Beer_291,Style_1,2.1,1.5,4.3,3.5,1.3,Sample review text 291,{},1236823526,1634957368,1994-05-17,866569725,Other,User_291
292,10.3,1333,2154,Beer_292,Style_2,3.5,2.7,1.4,1.1,1.2,Sample review text 292,{},1348865233,1856426303,1995-07-11,1076058020,,User_292
293,8.2,3945,1091,Beer_293,Style_3,4.7,4.4,1.9,4.4,1.4,Sample review text 293,{},1302769821,1521175989,1990-05-12,754947752,Other,User_293
294,3.0,5780,2348,Beer_294,Style_4,2.3,3.5,3.0,3.9,1.3,Sample review text 294,{},1144079072,577807695,1991-04-12,665407533,Other,User_294
295,3.4,5656,1595,Beer_295,Style_5,1.9,3.9,4.3,3.1,3.2,Sample review text 295,{},1586026937,777308246,1998-07-14,717339508,,User_295
296,11.8,3665,1481,Beer_296,Style_6,1.4,2.4,1.6,3.9,1.9,Sample review text 296,{},1578776571,1452739018,1993-08-18,966512972,Female,User_296
297,4.3,8131,667,Beer_297,Style_7,1.5,4.8,3.2,1.4,4.4,Sample review text 297,{},1324689856,867905210,1993-06-10,817875372,,User_297
298,6.6,5935,783,Beer_298,Style_8,1.2,3.8,3.8,3.1,2.8,Sample review text 298,{},1349584931,733821397,1991-07-13,798527482,Male,User_298
299,11.4,1415,1698,Beer_299,Style_9,1.4,2.7,4.4,2.2,3.8,Sample review text 299,{},1279394437,802856614,1998-06-15,1004111613,,User_299
300,4.8,1707,1743,Beer_300,Style_0,2.7,2.7,4.7,4.9,3.6,Sample review text 300,{},1492606500,1839876471,1998-04-13,885032279,,User_300
301,10.6,8788,1390,Beer_301,Style_1,2.3,4.7,4.1,4.4,2.3,Sample review text 301,{},1494450780,910813326,1992-07-16,717644186,Female,User_301
302,10.4,3684,2681,Beer_302,Style_2,3.8,3.3,3.6,3.9,2.0,Sample review text 302,{},1545142858,843918320,1998-07-15,1021820992,Female,User_302
303,11.9,8494,2154,Beer_303,Style_3,4.5,3.8,2.7,4.7,2.4,Sample review text 303,{},1009612019,1620426318,1991-06-17,801388400,Other,User_303
304,5.5,4366,621,Beer_304,Style_4,4.1,2.7,1.4,2.4,4.2,Sample review text 304,{},1072717004,1663120027,1995-01-13,746121427,,User_304
305,5.8,4503,1332,Beer_305,Style_5,3.1,1.9,3.8,4.6,3.3,Sample review text 305,{},1356131274,1492684835,1992-03-14,1049225735,Female,User_305
306,11.1,5442,2422,Beer_306,Style_6,1.4,3.9,5.0,2.3,2.0,Sample review text 306,{},1644660922,975193909,1992-03-11,907477058,Male,User_306
307,5.1,7180,1521,Beer_307,Style_7,3.8,3.4,3.9,3.9,4.3,Sample review text 307,{},1062809765,620931984,1991-04-12,1096653232,Other,User_307
308,7.9,3559,2493,Beer_308,Style_8,2.5,3.0,1.1,3.9,1.2,Sample review text 308,{},1330621554,840756565,1998-06-16,1063637983,,User_308
309,9.4,9137,1394,Beer_309,Style_9,1.3,3.5,3.0,1.1,3.8,Sample review text 309,{},1339347864,944425686,1995-08-17,726383482,Male,User_309
310,5.4,4971,2015,Beer_310,Style_0,4.4,1.8,3.5,2.4,2.8,Sample review text 310,{},1701252940,903352085,1998-03-16,915805547,Female,User_310
311,11.4,3957,788,Beer_311,Style_1,2.4,4.2,3.8,1.1,3.9,Sample review text 311,{},1692060137,754177059,1998-01-18,712644088,Other,User_311
312,9.0,7916,1576,Beer_312,Style_2,1.9,4.8,3.9,5.0,4.7,Sample review text 312,{},1088257184,1195969515,1996-02-13,1001614456,Male,User_312
313,3.4,2729,1871,Beer_313,Style_3,4.5,4.6,3.2,1.5,4.0,Sample review text 313,{},1006041100,1838041526,1995-03-15,680322392,,User_313
314,4.2,1026,1574,Beer_314,Style_4,4.6,2.3,1.9,3.2,2.8,Sample review text 314,{},1084614132,1454368425,1995-07-11,882645592,Male,User_314
315,4.7,3583,1338,Beer_315,Style_5,2.4,2.6,4.8,4.2,1.6,Sample review text 315,{},1601497559,635828127,1994-07-15,1033547761,Other,User_315
316,5.2,4055,539,Beer_316,Style_6,2.4,4.2,3.8,1.8,4.2,Sample review text 316,{},1641492883,1800155409,1992-03-14,994774925,,User_316
317,9.6,7801,2797,Beer_317,Style_7,3.3,3.4,1.9,2.9,2.8,Sample review text 317,{},1680210704,935019553,1997-03-14,675873725,,User_317
318,3.8,2658,2765,Beer_318,Style_8,3.9,3.2,2.3,3.4,1.3,Sample review text 318,{},1730126714,949202040,1992-01-12,635609514,Male,User_318
319,6.2,4951,678,Beer_319,Style_9,1.3,4.7,4.7,1.6,3.9,Sample review text 319,{},1706415217,1840376748,1991-06-17,880035098,Other,User_319
320,11.2,8299,682,Beer_320,Style_0,3.4,3.1,4.5,4.1,2.2,Sample review text 320,{},1176470679,736090198,1995-01-17,1078855791,,User_320
321,8.0,8456,2259,Beer_321,Style_1,4.8,3.1,2.6,2.2,1.2,Sample review text 321,{},1551666713,1157641887,1990-01-17,1042972127,Other,User_321
322,5.4,5137,1687,Beer_322,Style_2,2.0,1.2,1.2,1.8,4.6,Sample review text 322,{},1598940327,1493042797,1995-07-11,766477722,Female,User_322
323,11.6,8931,2269,Beer_323,Style_3,4.6,1.3,1.2,3.2,2.9,Sample review text 323,{},1545245727,693937086,1998-08-13,1091211459,Male,User_323
324,5.2,2714,1900,Beer_324,Style_4,4.8,1.0,2.1,2.6,2.1,Sample review text 324,{},1629447388,1237384374,1991-05-15,783262974,Other,User_324
325,11.1,4331,1204,Beer_325,Style_5,2.1,4.7,3.5,4.7,3.9,Sample review text 325,{},1620719821,1533930794,1990-07-10,992200550,Female,User_325
326,9.5,4347,996,Beer_326,Style_6,4.0,2.6,3.3,4.5,4.5,Sample review text 326,{},1143118244,1811317269,1995-05-12,712037706,Female,User_326
327,9.7,2986,1096,Beer_327,Style_7,2.0,2.9,3.5,2.9,1.0,Sample review text 327,{},1394067553,1516848214,1995-04-15,1015610991,Other,User_327
328,9.9,4544,973,Beer_328,Style_8,4.0,4.4,3.9,2.4,3.8,Sample review text 328,{},1670769242,950943171,1993-07-10,1049780911,Other,User_328
329,7.6,7979,1184,Beer_329,Style_9,4.2,3.4,1.1,2.3,4.1,Sample review text 329,{},1460759515,1592990284,1994-08-15,978122178,Male,User_329
330,10.3,1701,1560,Beer_330,Style_0,2.0,3.4,1.4,2.1,1.8,Sample review text 330,{},1046538616,903051132,1998-04-18,693746328,Male,User_330
331,10.5,8737,2122,Beer_331,Style_1,3.9,2.2,2.4,3.2,3.0,Sample review text 331,{},1037455870,686052703,1997-03-15,810646079,,User_331
332,6.2,4786,2164,Beer_332,Style_2,4.2,4.3,1.6,4.2,1.4,Sample review text 332,{},1098562773,1211652729,1993-01-18,935567862,Male,User_332
333,6.6,8262,818,Beer_333,Style_3,2.4,1.7,1.3,2.2,4.0,Sample review text 333,{},1260265147,802781596,1993-03-14,839412247,Other,User_333
334,11.0,3471,1935,Beer_334,Style_4,1.7,1.2,3.6,1.8,4.4,Sample review text 334,{},1606576184,639454503,1992-04-18,980937864,,User_334
335,7.7,6014,2903,Beer_335,Style_5,1.4,1.8,4.3,2.9,1.4,Sample review text 335,{},1721391210,1295594599,1996-08-12,860070663,Female,User_335
336,10.8,7659,2194,Beer_336,Style_6,3.3,2.1,4.0,1.3,4.3,Sample review text 336,{},1737070274,1351090422,1992-07-16,643216998,Female,User_336
337,8.6,5260,2488,Beer_337,Style_7,4.9,2.1,4.3,3.8,4.1,Sample review text 337,{},1137450005,571908012,1997-06-14,965150430,Other,User_337
338,8.3,6545,728,Beer_338,Style_8,4.3,3.7,3.7,3.1,2.4,Sample review text 338,{},1680954553,1837228662,1990-03-14,1005169594,,User_338
339,3.3,4044,1228,Beer_339,Style_9,2.7,1.9,3.9,3.0,3.8,Sample review text 339,{},1062348143,1304354220,1992-07-10,839508880,,User_339
340,5.5,4883,1787,Beer_340,Style_0,3.1,3.7,2.1,2.2,1.0,Sample review text 340,{},1389308500,992604176,1996-01-15,1064770090,Male,User_340
341,7.5,3940,2010,Beer_341,Style_1,2.1,1.4,5.0,4.6,4.7,Sample review text 341,{},1458230351,1759628389,1995-06-16,938959070,Female,User_341
342,8.3,6161,1060,Beer_342,Style_2,1.7,1.6,1.7,1.4,3.2,Sample review text 342,{},1512316232,1272333441,1990-03-12,1009618243,Female,User_342
343,8.7,2820,1875,Beer_343,Style_3,2.9,3.0,1.9,4.5,3.5,Sample review text 343,{},1719257676,1047169643,1998-02-14,1022804483,Male,User_343
344,9.4,7884,1965,Beer_344,Style_4,2.9,4.7,2.2,2.5,3.7,Sample review text 344,{},1399317321,862049957,1992-04-14,905707236,Female,User_344
345,8.9,3802,524,Beer_345,Style_5,3.1,4.4,4.9,4.5,3.2,Sample review text 345,{},1624175486,1237871640,1996-08-10,733053959,Male,User_345
346,10.6,3463,1654,Beer_346,Style_6,4.8,4.9,5.0,3.9,4.4,Sample review text 346,{},1681692592,1620550728,1992-03-15,1100216745,Female,User_346
347,5.7,4371,869,Beer_347,Style_7,3.4,3.6,4.2,1.4,3.4,Sample review text 347,{},1681855352,1660007291,1996-02-12,930718384,Female,User_347
348,8.8,8222,1959,Beer_348,Style_8,3.4,3.7,3.5,4.3,4.6,Sample review text 348,{},1100063572,1732447522,1993-06-14,985720520,Female,User_348
349,3.5,9527,1511,Beer_349,Style_9,1.5,3.5,3.1,3.7,3.3,Sample review text 349,{},1509476265,1398104339,1998-05-10,773974569,Male,User_349
350,7.3,5976,1110,Beer_350,Style_0,5.0,3.5,4.9,1.1,1.7,Sample review text 350,{},1459561383,1846276670,1994-03-10,864552263,Female,User_350
351,5.4,6067,1875,Beer_351,Style_1,4.1,1.6,3.8,1.5,4.7,Sample review text 351,{},1294606790,1175408619,1997-07-14,1097845919,Female,User_351
352,6.4,8501,2325,Beer_352,Style_2,4.5,3.2,4.8,3.5,3.7,Sample review text 352,{},1561185173,600548326,1995-08-13,1023547662,,User_352
353,6.2,3788,2535,Beer_353,Style_3,2.7,2.5,2.3,3.7,3.8,Sample review text 353,{},1564381777,1414377406,1998-06-12,879101649,Female,User_353
354,3.5,5125,1720,Beer_354,Style_4,3.0,2.8,2.3,4.0,4.9,Sample review text 354,{},1428751857,1184677449,1991-07-11,1006410838,Other,User_354
355,7.2,4606,2656,Beer_355,Style_5,3.1,3.1,4.4,3.9,1.3,Sample review text 355,{},1356647309,1645915815,1995-03-17,1077717444,Female,User_355
356,12.0,2540,2383,Beer_356,Style_6,1.8,1.5,1.6,3.6,2.7,Sample review text 356,{},1108542281,597673211,1992-08-12,877256945,Female,User_356
357,5.7,9766,2446,Beer_357,Style_7,3.8,2.4,4.8,4.1,2.0,Sample review text 357,{},1366491872,1143381407,1992-01-18,781172634,,User_357
358,9.6,1220,1219,Beer_358,Style_8,4.6,1.3,3.0,3.3,3.5,Sample review text 358,{},1126242193,685234174,1994-01-14,804622432,,User_358
359,7.9,5922,1605,Beer_359,Style_9,1.7,4.9,4.7,2.0,4.2,Sample review text 359,{},1732790522,1594022934,1996-01-18,731415745,Male,User_359
360,5.9,6613,2060,Beer_360,Style_0,1.3,1.5,2.3,4.6,4.9,Sample review text 360,{},1023827325,891702986,1990-07-13,765629306,Male,User_360
361,3.8,1753,2979,Beer_361,Style_1,4.0,2.0,3.9,1.1,2.8,Sample review text 361,{},1678580054,1428926856,1996-03-18,961729641,Other,User_361
362,4.9,8488,2420,Beer_362,Style_2,2.1,4.6,2.9,2.5,4.1,Sample review text 362,{},1320197911,1350387012,1990-04-15,865971045,,User_362
363,10.0,8206,1135,Beer_363,Style_3,3.5,2.9,3.5,3.9,4.7,Sample review text 363,{},1452690142,728190397,1994-03-11,646647610,Male,User_363
364,5.5,8938,1672,Beer_364,Style_4,3.8,1.5,3.0,2.7,3.7,Sample review text 364,{},1404430486,1324691391,1990-07-11,965071131,Male,User_364
365,4.3,2961,2253,Beer_365,Style_5,2.3,2.5,4.9,1.1,2.0,Sample review text 365,{},1575192934,597369578,1993-06-14,716798231,Male,User_365
366,6.0,6958,2914,Beer_366,Style_6,4.3,1.5,3.8,1.3,3.4,Sample review text 366,{},1257806844,597447701,1993-08-16,813847986,,User_366
367,8.3,4483,2961,Beer_367,Style_7,3.2,1.8,2.0,3.6,4.9,Sample review text 367,{},1188022101,615126303,1993-02-14,1036969492,,User_367
368,9.3,7635,2426,Beer_368,Style_8,4.5,1.2,4.6,4.9,5.0,Sample review text 368,{},1172378728,1759582126,1994-03-18,734651678,Other,User_368
369,6.5,9629,855,Beer_369,Style_9,4.1,2.8,2.2,3.2,3.6,Sample review text 369,{},1139772969,759371265,1994-04-11,718193610,,User_369
370,7.5,9670,2558,Beer_370,Style_0,4.5,4.2,2.5,3.0,4.5,Sample review text 370,{},1729724079,1104925050,1993-04-13,1089205425,,User_370
371,7.1,1782,1939,Beer_371,Style_1,1.1,3.3,1.4,2.3,1.8,Sample review text 371,{},1165106932,1034803981,1994-08-14,880127271,,User_371
372,3.1,6103,2094,Beer_372,Style_2,2.0,3.4,4.6,2.0,2.0,Sample review text 372,{},1509336510,667237146,1990-02-12,1049145283,Other,User_372
373,6.6,5167,2175,Beer_373,Style_3,1.4,1.8,2.1,1.1,4.8,Sample review text 373,{},1626154829,1752326041,1992-08-15,870372458,Female,User_373
374,8.3,1219,2370,Beer_374,Style_4,2.8,2.4,2.0,2.1,1.5,Sample review text 374,{},1459080283,1431959836,1998-02-10,990457871,Female,User_374
375,8.1,9029,1645,Beer_375,Style_5,4.6,4.4,4.7,2.8,1.8,Sample review text 375,{},1489673738,1688722971,1995-01-13,1089582539,Male,User_375
376,9.7,8146,2612,Beer_376,Style_6,2.9,1.4,4.2,1.8,2.7,Sample review text 376,{},1282400919,1460878834,1992-05-15,971561429,Female,User_376
377,9.0,1289,624,Beer_377,Style_7,4.4,4.4,1.6,1.3,3.4,Sample review text 377,{},1263723967,1616305736,1995-05-11,890617442,Female,User_377
378,5.5,1379,811,Beer_378,Style_8,2.3,2.9,4.1,3.9,3.4,Sample review text 378,{},1272382162,1008088841,1994-01-18,947523902,Other,User_378
379,5.3,7886,1274,Beer_379,Style_9,2.4,4.3,4.7,4.6,2.2,Sample review text 379,{},1539224012,1705180405,1998-03-14,1074281399,Other,User_379
380,7.2,2958,1973,Beer_380,Style_0,4.6,2.3,1.3,4.7,4.7,Sample review text 380,{},1639911732,1130411139,1992-07-10,823803855,Female,User_380
381,9.6,9257,2331,Beer_381,Style_1,2.7,2.4,4.3,3.5,4.7,Sample review text 381,{},1153041234,1833513477,1994-06-16,950734231,Female,User_381
382,3.8,3183,1193,Beer_382,Style_2,4.2,4.0,3.2,1.2,2.6,Sample review text 382,{},1061557710,1692163047,1992-07-13,857478242,Female,User_382
383,11.5,4774,1682,Beer_383,Style_3,1.9,4.1,3.7,4.0,2.7,Sample review text 383,{},1338505366,1313502799,1995-05-13,714281833,Male,User_383
384,7.9,4919,1876,Beer_384,Style_4,4.8,1.9,3.0,1.4,3.8,Sample review text 384,{},1696105796,1159114055,1995-05-12,1060895708,Other,User_384
385,5.8,7202,2343,Beer_385,Style_5,3.3,4.9,3.8,3.7,3.7,Sample review text 385,{},1589208149,1365411248,1992-05-14,1086017748,Female,User_385
386,9.2,1777,1489,Beer_386,Style_6,4.0,1.3,1.1,4.1,2.5,Sample review text 386,{},1690325673,1614063804,1998-07-13,1060985081,,User_386
387,3.4,3566,2252,Beer_387,Style_7,1.4,1.3,4.1,3.9,2.7,Sample review text 387,{},1457258016,1439403645,1994-04-18,688816856,Female,User_387
388,7.4,8404,2953,Beer_388,Style_8,3.0,3.4,1.1,4.8,2.4,Sample review text 388,{},1046845184,1787986770,1993-05-12,847013222,,User_388
389,7.4,1078,2216,Beer_389,Style_9,4.6,3.9,2.8,4.0,1.9,Sample review text 389,{},1562044029,1434946737,1996-07-17,945726878,Male,User_389
390,4.5,2581,2126,Beer_390,Style_0,4.5,4.8,1.6,3.8,2.8,Sample review text 390,{},1024710078,1546374928,1993-04-18,925635598,,User_390
391,10.5,8967,1389,Beer_391,Style_1,1.2,2.6,4.3,2.0,3.7,Sample review text 391,{},1204532848,1411332208,1996-03-18,1088048366,Other,User_391
392,10.2,8839,1878,Beer_392,Style_2,2.2,1.1,2.3,4.7,4.0,Sample review text 392,{},1020945710,1603640645,1994-04-10,824560809,Male,User_392
393,4.4,3162,988,Beer_393,Style_3,2.8,3.4,2.8,1.7,4.1,Sample review text 393,{},1701643115,1388523518,1998-06-11,820050530,Male,User_393
394,6.3,2485,2786,Beer_394,Style_4,1.7,2.2,2.7,4.6,2.5,Sample review text 394,{},1457338642,1299106178,1996-03-15,958986469,Female,User_394
395,3.9,6745,679,Beer_395,Style_5,3.9,2.7,4.1,2.3,4.1,Sample review text 395,{},1694329170,1086490900,1997-08-12,1094036089,Male,User_395
396,10.6,3620,1942,Beer_396,Style_6,1.7,3.0,2.9,1.5,1.0,Sample review text 396,{},1602710740,606573703,1994-06-15,907595185,Male,User_396
397,5.9,1964,2207,Beer_397,Style_7,2.4,1.3,4.2,4.3,2.9,Sample review text 397,{},1269600064,1824059355,1990-02-16,871520341,,User_397
398,7.0,3673,2864,Beer_398,Style_8,3.7,2.9,1.3,1.0,4.2,Sample review text 398,{},1039745305,979366330,1993-02-16,995276027,Female,User_398
399,5.9,6293,1767,Beer_399,Style_9,2.9,2.7,1.8,4.3,3.5,Sample review text 399,{},1629702793,1792009373,1996-03-14,738486020,Other,User_399
400,5.8,8259,731,Beer_400,Style_0,4.0,3.9,3.2,2.0,2.9,Sample review text 400,{},1629323596,961863455,1997-08-14,938031407,Female,User_400
401,9.7,2718,2312,Beer_401,Style_1,4.8,3.6,4.8,4.5,3.6,Sample review text 401,{},1534262853,610116042,1994-07-15,913556620,Other,User_401
402,9.7,2228,2112,Beer_402,Style_2,1.5,1.7,1.3,3.8,4.6,Sample review text 402,{},1652162629,1758821907,1993-02-17,864971423,,User_402
403,7.7,4778,1826,Beer_403,Style_3,3.8,1.8,1.2,3.7,3.3,Sample review text 403,{},1155479522,1877563889,1992-02-16,855778370,Male,User_403
404,8.9,2840,830,Beer_404,Style_4,1.9,2.0,1.6,2.5,4.2,Sample review text 404,{},1200832719,642441368,1995-08-15,871322749,Male,User_404
405,7.6,1497,1060,Beer_405,Style_5,2.7,1.7,3.6,1.2,4.9,Sample review text 405,{},1279101416,1363122092,1996-02-11,909898102,Female,User_405
406,3.3,1536,747,Beer_406,Style_6,1.1,3.6,2.6,4.3,3.8,Sample review text 406,{},1163662535,888626568,1995-01-12,798300122,Female,User_406
407,3.6,4305,782,Beer_407,Style_7,1.5,5.0,4.3,1.7,3.3,Sample review text 407,{},1711950394,1077624422,1997-07-14,885426461,Female,User_407
408,6.5,8124,1810,Beer_408,Style_8,2.3,3.6,1.3,2.5,1.1,Sample review text 408,{},1671220100,744488252,1995-08-15,819274117,Male,User_408
409,9.7,2971,1439,Beer_409,Style_9,2.4,3.4,1.8,3.4,2.5,Sample review text 409,{},1219754324,581366439,1992-03-14,683989144,Male,User_409
410,11.2,8587,2579,Beer_410,Style_0,4.6,2.6,2.2,2.9,3.3,Sample review text 410,{},1550653278,1274667879,1990-02-12,885071643,,User_410
411,3.3,4527,2023,Beer_411,Style_1,4.0,2.3,3.5,1.8,4.2,Sample review text 411,{},1644985170,1816032316,1993-05-18,793879869,Other,User_411
412,6.3,1299,1029,Beer_412,Style_2,4.9,4.6,3.7,1.6,2.8,Sample review text 412,{},1229905140,752435650,1990-03-12,789741589,Female,User_412
413,5.0,3386,880,Beer_413,Style_3,3.4,4.9,1.5,1.5,4.8,Sample review text 413,{},1334897587,1878445567,1995-05-12,1034568387,Male,User_413
414,10.3,4963,562,Beer_414,Style_4,2.0,3.0,4.8,4.5,2.1,Sample review text 414,{},1113930616,817351375,1993-03-16,749234958,Other,User_414
415,10.6,5687,627,Beer_415,Style_5,2.3,2.2,2.4,1.1,4.0,Sample review text 415,{},1062228414,1841286475,1992-01-17,657793689,Female,User_415
416,4.9,5171,2051,Beer_416,Style_6,2.3,4.1,3.9,4.9,2.7,Sample review text 416,{},1176908678,1203726211,1991-05-13,952618558,Female,User_416
417,9.4,4859,2710,Beer_417,Style_7,2.3,1.5,3.1,1.8,2.9,Sample review text 417,{},1003258848,1269987734,1994-03-10,895256721,Other,User_417
418,9.6,4695,794,Beer_418,Style_8,3.7,4.1,1.9,1.4,4.2,Sample review text 418,{},1348728116,1374397338,1997-01-17,737570760,Other,User_418
419,4.6,8242,678,Beer_419,Style_9,3.1,4.3,4.4,3.3,2.2,Sample review text 419,{},1024883313,973645926,1993-04-11,756568382,Other,User_419
420,6.9,7131,728,Beer_420,Style_0,2.5,1.5,4.3,1.3,1.4,Sample review text 420,{},1600174313,1043025828,1993-06-18,813958333,Male,User_420
421,8.6,4617,1382,Beer_421,Style_1,1.6,4.9,2.6,3.4,3.1,Sample review text 421,{},1655811333,1226746276,1998-05-14,1037119347,,User_421
422,3.2,3700,893,Beer_422,Style_2,1.1,4.9,3.4,4.4,3.1,Sample review text 422,{},1336324486,987023004,1992-06-15,927633347,Female,User_422
423,6.6,2005,571,Beer_423,Style_3,1.9,4.7,2.0,1.2,4.2,Sample review text 423,{},1327133355,1183871485,1996-04-18,917528751,Female,User_423
424,4.4,2701,817,Beer_424,Style_4,1.4,3.0,3.8,4.2,4.9,Sample review text 424,{},1636261685,705492892,1996-03-16,701549361,Other,User_424
425,7.9,4302,1094,Beer_425,Style_5,4.1,2.0,2.2,2.6,1.2,Sample review text 425,{},1712322942,601161136,1990-02-13,1098439102,Male,User_425
426,10.6,9995,878,Beer_426,Style_6,1.4,3.3,4.4,1.6,3.4,Sample review text 426,{},1358730450,842769329,1996-07-18,1003897668,Other,User_426
427,7.7,4366,1406,Beer_427,Style_7,3.9,2.7,1.9,1.7,3.7,Sample review text 427,{},1619647256,1252443675,1994-07-17,924529516,Male,User_427
428,3.3,4162,635,Beer_428,Style_8,2.5,1.8,1.1,4.7,4.9,Sample review text 428,{},1139580222,639707721,1996-05-12,692327429,,User_428
429,3.3,9306,1901,Beer_429,Style_9,1.3,2.7,2.1,1.4,4.8,Sample review text 429,{},1289885379,1382637956,1992-05-15,746031929,Female,User_429
430,8.4,3137,1642,Beer_430,Style_0,4.3,3.7,1.8,4.5,3.8,Sample review text 430,{},1461825138,1810994556,1993-03-13,930719093,Female,User_430
431,6.0,5852,1405,Beer_431,Style_1,3.3,1.3,3.0,3.2,3.1,Sample review text 431,{},1065625484,970770487,1992-05-15,928629426,Male,User_431
432,8.2,1030,1029,Beer_432,Style_2,1.9,2.3,1.8,1.2,1.6,Sample review text 432,{},1101594778,1836480063,1996-04-12,960163979,,User_432
433,4.5,6948,1022,Beer_433,Style_3,4.6,1.1,4.1,2.9,2.5,Sample review text 433,{},1618451528,1635315582,1992-03-12,999672926,,User_433
434,10.0,2805,886,Beer_434,Style_4,1.2,4.0,2.0,4.3,3.3,Sample review text 434,{},1393532756,1214471256,1998-03-12,719829294,Female,User_434
435,10.7,7413,1072,Beer_435,Style_5,1.8,3.6,3.8,3.9,3.9,Sample review text 435,{},1318351981,720678880,1992-08-13,834970109,Female,User_435
436,11.0,4569,1143,Beer_436,Style_6,4.0,1.3,3.3,3.0,3.5,Sample review text 436,{},1089988893,1087194848,1996-03-17,976680584,Other,User_436
437,5.7,6310,1792,Beer_437,Style_7,3.8,4.9,4.9,4.4,3.9,Sample review text 437,{},1218114056,993640664,1992-05-10,725671302,Male,User_437
438,8.9,1456,1046,Beer_438,Style_8,2.2,1.1,5.0,1.5,2.7,Sample review text 438,{},1469851217,805071926,1994-06-16,1031873308,Female,User_438
439,5.5,1448,2009,Beer_439,Style_9,1.2,3.4,4.5,4.6,3.9,Sample review text 439,{},1303657791,1626815989,1991-02-18,1063688781,,User_439
440,9.9,1067,2985,Beer_440,Style_0,4.4,4.1,4.0,4.4,1.6,Sample review text 440,{},1489692453,699048840,1990-02-11,784673330,,User_440
441,4.1,5089,2086,Beer_441,Style_1,2.3,4.2,2.5,3.8,1.7,Sample review text 441,{},1682118558,1595918554,1996-06-18,680266579,Female,User_441
442,9.9,2862,1054,Beer_442,Style_2,1.8,1.1,4.0,4.3,1.7,Sample review text 442,{},1243807330,863612888,1996-03-12,1094974319,,User_442
443,7.0,2802,2263,Beer_443,Style_3,3.1,4.6,4.8,3.2,4.6,Sample review text 443,{},1136334013,1774665667,1990-08-10,887873590,Male,User_443
444,10.7,8554,2658,Beer_444,Style_4,4.6,4.7,1.1,3.7,1.3,Sample review text 444,{},1291331689,1142908872,1991-03-16,681111903,,User_444
445,9.7,9319,2724,Beer_445,Style_5,1.2,3.2,3.2,3.2,4.2,Sample review text 445,{},1070015807,1799678414,1990-04-13,783979322,,User_445
446,6.4,6895,2074,Beer_446,Style_6,4.1,2.9,1.9,2.4,1.9,Sample review text 446,{},1473624521,1013328015,1998-08-17,750966071,Female,User_446
447,11.1,6515,1123,Beer_447,Style_7,3.3,1.2,3.2,3.3,2.9,Sample review text 447,{},1083389192,1245377804,1992-05-13,784566549,Male,User_447
448,5.6,4738,2488,Beer_448,Style_8,2.7,3.2,2.9,2.0,4.7,Sample review text 448,{},1362841469,1334909261,1997-03-16,751528547,Male,User_448
449,11.7,1367,1443,Beer_449,Style_9,4.0,2.6,3.3,2.8,3.3,Sample review text 449,{},1139454302,968830933,1996-02-16,1004253291,Other,User_449
450,9.9,7201,972,Beer_450,Style_0,4.9,4.1,3.2,2.1,1.8,Sample review text 450,{},1319826859,1579646024,1990-05-16,681561617,Male,User_450
451,11.9,3640,2086,Beer_451,Style_1,1.9,2.6,4.8,1.5,2.1,Sample review text 451,{},1228429303,1014860478,1993-04-12,1055161273,Other,User_451
452,3.5,5907,1493,Beer_452,Style_2,1.6,3.7,3.2,2.3,4.7,Sample review text 452,{},1644909735,751845238,1994-02-17,1098435239,Female,User_452
453,5.5,1058,1621,Beer_453,Style_3,4.7,1.4,4.4,4.4,2.7,Sample review text 453,{},1376707415,1386227124,1998-05-12,948672112,,User_453
454,9.7,5256,1934,Beer_454,Style_4,3.7,1.5,2.3,2.5,3.3,Sample review text 454,{},1224073875,1406339651,1996-01-12,1025421528,Male,User_454
455,11.3,9294,669,Beer_455,Style_5,2.8,1.6,2.8,4.0,2.8,Sample review text 455,{},1551842523,1272640073,1998-02-18,859016862,Other,User_455
456,3.3,5941,1513,Beer_456,Style_6,3.3,1.2,2.9,1.7,2.5,Sample review text 456,{},1283838917,1264806498,1990-04-15,966553911,Male,User_456
457,3.0,5507,555,Beer_457,Style_7,4.0,3.2,2.1,2.7,1.9,Sample review text 457,{},1442614697,989944948,1996-07-12,845364258,Female,User_457
458,5.3,1785,2256,Beer_458,Style_8,4.1,4.2,2.5,1.5,3.7,Sample review text 458,{},1488240628,1451173256,1998-04-14,1004150169,Other,User_458
459,10.7,3446,2872,Beer_459,Style_9,4.7,3.4,3.4,1.6,3.9,Sample review text 459,{},1262215352,1588941488,1997-07-12,664792899,Other,User_459
460,9.9,9628,1157,Beer_460,Style_0,2.7,3.3,3.3,3.5,2.1,Sample review text 460,{},1204898152,1110112401,1997-06-10,675325417,Other,User_460
461,6.1,3365,1456,Beer_461,Style_1,2.2,3.7,3.5,3.4,4.2,Sample review text 461,{},1662029491,983112841,1997-06-17,759697007,Female,User_461
462,3.0,5701,759,Beer_462,Style_2,3.6,2.4,2.4,1.9,4.4,Sample review text 462,{},1473106274,1862154866,1995-05-18,743750867,Other,User_462
463,8.0,8417,1140,Beer_463,Style_3,2.7,2.4,2.3,2.9,4.7,Sample review text 463,{},1296334853,738679630,1995-07-10,713943841,,User_463
464,5.1,6566,2887,Beer_464,Style_4,3.4,2.3,3.4,4.5,1.6,Sample review text 464,{},1100146696,1682087438,1995-01-15,934559435,Female,User_464
465,9.7,9688,903,Beer_465,Style_5,2.7,3.8,1.5,1.7,2.2,Sample review text 465,{},1497195580,1241329290,1992-06-15,946870543,,User_465
466,7.0,7383,1294,Beer_466,Style_6,1.6,1.6,2.0,1.1,4.4,Sample review text 466,{},1095346786,1404280943,1990-05-18,685544698,,User_466
467,9.1,2489,2061,Beer_467,Style_7,2.9,1.1,1.2,3.6,1.8,Sample review text 467,{},1148523155,861262697,1997-07-11,649802153,Female,User_467
468,10.7,3334,1683,Beer_468,Style_8,3.8,3.4,1.3,1.2,1.0,Sample review text 468,{},1729952982,913091630,1991-05-11,757915652,Male,User_468
469,7.8,8690,1213,Beer_469,Style_9,4.2,4.8,2.0,4.9,4.5,Sample review text 469,{},1602979643,817871221,1990-02-14,821241020,,User_469
470,6.0,4389,2891,Beer_470,Style_0,3.0,3.4,1.1,3.4,2.3,Sample review text 470,{},1576889833,1486302692,1996-05-10,994720683,Female,User_470
471,9.9,1202,1896,Beer_471,Style_1,1.7,4.1,2.0,2.9,2.7,Sample review text 471,{},1479124661,1012299667,1996-06-16,730885538,,User_471
472,5.4,1230,2457,Beer_472,Style_2,2.7,3.7,3.6,2.7,2.8,Sample review text 472,{},1438494754,697103969,1991-05-17,954239211,Other,User_472
473,11.0,8047,2593,Beer_473,Style_3,4.1,3.0,1.2,3.3,4.4,Sample review text 473,{},1482726190,1356392341,1996-06-15,749034202,,User_473
474,3.6,3962,2252,Beer_474,Style_4,2.7,3.9,2.7,1.4,2.4,Sample review text 474,{},1091786797,1815376431,1990-08-10,1090438911,,User_474
475,10.5,3327,1403,Beer_475,Style_5,3.8,4.3,4.7,4.7,4.6,Sample review text 475,{},1583343702,1033733969,1996-03-15,1097853824,,User_475
476,3.8,3784,2602,Beer_476,Style_6,3.0,1.9,4.2,3.5,3.5,Sample review text 476,{},1382146563,1883657999,1994-03-15,902736993,Other,User_476
477,3.5,1803,1601,Beer_477,Style_7,2.0,2.3,2.2,1.7,3.1,Sample review text 477,{},1107198570,1313923008,1992-08-16,774930602,,User_477
478,6.3,6766,2194,Beer_478,Style_8,4.2,1.9,4.7,3.3,2.3,Sample review text 478,{},1388151370,1748871634,1998-05-10,975053471,Female,User_478
479,11.6,4723,1355,Beer_479,Style_9,1.3,2.8,2.3,1.5,2.0,Sample review text 479,{},1347546238,1038652233,1997-02-15,804784235,,User_479
480,11.9,7396,1795,Beer_480,Style_0,3.1,4.5,1.3,1.1,3.5,Sample review text 480,{},1658483894,1218989076,1990-06-13,866739430,Female,User_480
481,4.8,1175,1159,Beer_481,Style_1,1.8,2.4,5.0,3.5,2.8,Sample review text 481,{},1585507958,636105532,1994-07-16,748702014,,User_481
482,4.3,6691,610,Beer_482,Style_2,1.3,2.5,4.5,3.6,4.6,Sample review text 482,{},1268329511,1574394572,1995-01-18,1104384416,,User_482
483,6.2,4532,1538,Beer_483,Style_3,3.0,4.4,2.9,3.3,3.0,Sample review text 483,{},1344100043,819749558,1995-06-18,647116254,,User_483
484,6.0,5349,2625,Beer_484,Style_4,3.0,3.1,3.7,1.7,3.0,Sample review text 484,{},1639960016,1194408215,1994-03-15,776542587,Male,User_484
485,9.8,2543,1000,Beer_485,Style_5,3.8,3.1,3.7,3.4,2.7,Sample review text 485,{},1305770591,955231510,1995-07-18,755854924,Male,User_485
486,7.0,6456,917,Beer_486,Style_6,4.0,4.4,1.8,1.2,4.2,Sample review text 486,{},1118615318,1121900630,1994-05-13,985775084,Other,User_486
487,10.0,4413,2363,Beer_487,Style_7,3.9,3.0,1.8,3.4,2.7,Sample review text 487,{},1271035534,1789499530,1993-08-17,1096595649,Female,User_487
488,9.7,8085,774,Beer_488,Style_8,2.6,3.7,2.9,3.2,2.1,Sample review text 488,{},1630979698,1696210945,1991-02-17,810169993,Other,User_488
489,8.2,5179,1720,Beer_489,Style_9,3.5,1.3,4.6,3.6,4.4,Sample review text 489,{},1375074267,1293312965,1991-07-10,1029776790,Female,User_489
490,10.5,5807,2254,Beer_490,Style_0,3.3,1.7,1.0,4.6,3.4,Sample review text 490,{},1067103603,1367463732,1998-03-17,813541344,Other,User_490
491,4.8,8386,2268,Beer_491,Style_1,2.7,2.6,4.1,4.4,3.4,Sample review text 491,{},1094237863,1869223880,1995-04-11,783855014,Other,User_491
492,4.5,2940,1633,Beer_492,Style_2,3.4,3.0,1.2,4.9,3.4,Sample review text 492,{},1080362740,727027851,1997-03-13,750874156,,User_492
493,9.8,1656,2741,Beer_493,Style_3,4.8,4.9,2.9,4.9,3.9,Sample review text 493,{},1702560532,1032071289,1994-05-13,910364791,,User_493
494,5.2,3503,2042,Beer_494,Style_4,1.8,4.9,3.6,4.1,2.3,Sample review text 494,{},1238590210,1218549370,1997-01-10,1065514234,,User_494
495,3.0,1658,2467,Beer_495,Style_5,4.6,4.4,3.7,4.8,1.1,Sample review text 495,{},1381857837,769120675,1991-08-13,1022470940,,User_495
496,11.2,8038,1298,Beer_496,Style_6,1.2,2.3,1.2,4.5,4.2,Sample review text 496,{},1194576729,1700010262,1990-03-15,921132829,,User_496
497,8.6,9102,2463,Beer_497,Style_7,2.2,4.9,2.7,3.9,1.5,Sample review text 497,{},1636130126,1143374490,1994-05-16,847608865,Other,User_497
498,7.0,7025,2848,Beer_498,Style_8,2.2,3.8,3.3,1.3,3.9,Sample review text 498,{},1369576830,891775831,1995-06-12,908427315,Female,User_498
499,9.5,7498,2696,Beer_499,Style_9,3.5,2.6,1.3,1.2,1.3,Sample review text 499,{},1267246828,1288817250,1994-03-18,1083590630,Male,User_499
500,6.0,7348,1268,Beer_500,Style_0,1.5,3.8,1.5,4.4,2.5,Sample review text 500,{},1049423507,1115550746,1991-06-18,736319056,Male,User_500
